,alpha,rmse,rmse_err
0,0e+00,0.483679351011912,0.005377692890130975
1,1e-02,0.4611386469999949,0.00951862249757518
2,5e-02,0.4678847944736481,0.006291912828809617
3,1e-01,0.46775127172470093,0.012372330653317375
4,2e-01,0.4647660191853841,0.00570653161530032
5,5e-01,0.4694153253237407,0.005586764762299194
6,1e+00,0.4743986022472382,0.002246546562280655
