{"dataset": "CHEMBL2835_Ki", "rmse": 0.39496279431848796, "cliff_rmse": 0.74336998557325}