,alpha,rmse,rmse_err
0,0e+00,0.9311060126622518,0.02359768719879098
1,1e-02,0.914038360118866,0.0068958199228810885
2,5e-02,0.9100582345326741,0.0016014479622781137
3,1e-01,0.9021714536348978,0.002800159293082171
4,2e-01,0.9046153823534647,0.006134658919801668
5,5e-01,0.8951352183024088,0.005429033934250372
6,1e+00,0.8860261917114257,0.007986599962379996
