{"dataset": "CHEMBL237_EC50", "rmse": 0.7127419930869783, "cliff_rmse": 0.7936186262118567}