,alpha,rmse,rmse_err
0,0e+00,0.7190097737312318,0.006635077342682615
1,1e-02,0.6869814236958822,0.0012404719028219044
2,5e-02,0.684942971865336,0.0010998231635315203
3,1e-01,0.6897521050771078,0.006461501264852534
4,2e-01,0.6907578674952188,0.0007099342456507651
5,5e-01,0.7011564977963766,0.0018598411063391056
6,1e+00,0.7097264647483824,0.0021206217513440265
