{"dataset": "CHEMBL236_Ki", "rmse": 0.7055319116660872, "cliff_rmse": 0.7851792141660343}