,alpha,rmse,rmse_err
0,0e+00,6.561830596923828,0.0
1,1e-02,6.467899074554444,0.0
2,5e-02,6.5449366378784175,0.0
3,1e-01,6.548084239959716,0.0
4,2e-01,6.540895423889159,0.0
5,5e-01,6.628298301696778,0.0
6,1e+00,6.5746194267272955,0.0
