{"dataset": "CHEMBL4203_Ki", "rmse": 0.8726202362449568, "cliff_rmse": 1.0474602054471378}