{"dataset": "CHEMBL2835_Ki", "rmse": 0.396046255340082, "cliff_rmse": 0.824006291708344}