{"dataset": "CHEMBL1871_Ki", "rmse": 0.6663205690192686, "cliff_rmse": 0.747728403194865}