,alpha,rmse,rmse_err
0,0e+00,0.5534591370821,0.02239731247951441
1,1e-02,0.5047041968107221,0.03134749128038097
2,5e-02,0.4820975978970523,0.028740876865481286
3,1e-01,0.45901007598638655,0.01469050772844467
4,2e-01,0.4679007065296171,0.015925639243261784
5,5e-01,0.4570353800654411,0.035807162480980724
6,1e+00,0.4526912107467643,0.016250336105406032
