,alpha,rmse,rmse_err
0,0e+00,0.6867698534329733,0.004416933745259949
1,1e-02,0.653968829313914,0.002518740363317099
2,5e-02,0.6588566033045451,0.004726647876180777
3,1e-01,0.6535172398885091,0.00481096410046222
4,2e-01,0.6629632218678793,0.003382151003492822
5,5e-01,0.6694773070017496,0.005425078183706074
6,1e+00,0.679130942026774,0.003728075516207867
