{"dataset": "CHEMBL214_Ki", "rmse": 0.6240886083411255, "cliff_rmse": 0.7129715988211114}