,alpha,rmse,rmse_err
0,0e+00,0.7552376540501919,0.004454065009707649
1,1e-02,0.7463883018493647,0.005215003886003594
2,5e-02,0.7374920566876741,0.007572508890982514
3,1e-01,0.7327439872423813,0.01151865456638669
4,2e-01,0.7306210207939152,0.005508749959366342
5,5e-01,0.7291420634587603,0.004831508568675355
6,1e+00,0.7361814769109088,0.0015505260298729474
