{"dataset": "CHEMBL218_EC50", "rmse": 0.6904276286234144, "cliff_rmse": 0.8080502547197275}