,alpha,rmse,rmse_err
0,0e+00,0.7033184925715128,0.0072717484112704255
1,1e-02,0.6713698426882427,0.0028238530075782374
2,5e-02,0.6773477999369303,0.0011561183649289846
3,1e-01,0.679255489508311,0.001558425045549933
4,2e-01,0.6792498755455018,0.0027983556064612833
5,5e-01,0.6887726251284283,0.005456638916328615
6,1e+00,0.6918297441800435,0.002375982423883786
