{"dataset": "CHEMBL234_Ki", "rmse": 0.5912249917103056, "cliff_rmse": 0.6103888356555177}