,alpha,rmse,rmse_err
0,0e+00,0.8011606923739115,0.008213063388166108
1,1e-02,0.7586784060796101,0.0033959458687798693
2,5e-02,0.7505980587005615,0.0017161947274033141
3,1e-01,0.7477368505795797,0.005504620703160865
4,2e-01,0.748171157836914,0.0039225972316294724
5,5e-01,0.7546686124801636,0.008284185730487602
6,1e+00,0.7502430367469787,0.006848508569327633
