{"dataset": "CHEMBL219_Ki", "rmse": 0.648132996883388, "cliff_rmse": 0.7023443402643588}