,alpha,rmse,rmse_err
0,0e+00,0.6704051365852355,0.08199687619906089
1,1e-02,0.603033940434457,0.0627848963690701
2,5e-02,0.5649715669155124,0.020510948041862154
3,1e-01,0.5840925706625005,0.06085714696759991
4,2e-01,0.5607758995294565,0.048154042239156085
5,5e-01,0.5576268597841247,0.04626406335580809
6,1e+00,0.5647843700647355,0.05705091253458885
