,alpha,rmse,rmse_err
0,0e+00,0.9316854079564424,0.0007996820329618106
1,1e-02,0.9072669204076131,0.01236593426076913
2,5e-02,0.885748673280078,0.004708048657685936
3,1e-01,0.8761636980374653,0.008354332461029883
4,2e-01,0.8694357411066688,0.004335157195875876
5,5e-01,0.862441896597546,0.002640902513807335
6,1e+00,0.8565771055221564,0.002492711645818518
