,alpha,rmse,rmse_err
0,0e+00,0.7098791615168253,0.00908084871073882
1,1e-02,0.6976111602783203,0.002174772936873698
2,5e-02,0.671134242216746,0.003139853314140492
3,1e-01,0.6624653418858847,0.004687431396111029
4,2e-01,0.6662171800931295,0.002069849771480416
5,5e-01,0.6565338436762492,0.002056534707317647
6,1e+00,0.658156996568044,0.0056500393124018986
