{"dataset": "CHEMBL3979_EC50", "rmse": 0.6211327990528738, "cliff_rmse": 0.6825416463331855}