{"dataset": "CHEMBL1862_Ki", "rmse": 0.6477897455297652, "cliff_rmse": 0.6287938225086268}