,alpha,rmse,rmse_err
0,0e+00,0.6540153408050537,0.004758741960962998
1,1e-02,0.6395331454277039,0.003763709074771951
2,5e-02,0.6400252874692282,0.004471269049019011
3,1e-01,0.636380889415741,0.004594099034805772
4,2e-01,0.6369267336527507,0.005314967100875917
5,5e-01,0.6645285717646281,0.012681411714504952
6,1e+00,0.6879401501019796,0.00869935051363591
