{"dataset": "CHEMBL4005_Ki", "rmse": 0.5949521354291353, "cliff_rmse": 0.6963984066114941}