,alpha,rmse,rmse_err
0,0e+00,0.6830622625350952,0.005218631071777397
1,1e-02,0.6718230581283571,0.004351808963586252
2,5e-02,0.683687547047933,0.006862574303037016
3,1e-01,0.6783165597915649,0.008628118196708764
4,2e-01,0.6813616847991942,0.006303228388142474
5,5e-01,0.6885634183883668,0.006612258822146479
6,1e+00,0.7001753679911294,0.0031097899332001087
