{"dataset": "CHEMBL4792_Ki", "rmse": 0.56445005241875, "cliff_rmse": 0.6029582609370875}