{"dataset": "CHEMBL2971_Ki", "rmse": 0.6098924126366502, "cliff_rmse": 0.8165548589170615}