{"dataset": "CHEMBL204_Ki", "rmse": 0.7056870638510743, "cliff_rmse": 0.7508013244375881}