,alpha,rmse,rmse_err
0,0e+00,0.7548664331436158,0.011083263109090353
1,1e-02,0.7404844895998637,0.006123924887358567
2,5e-02,0.730639709631602,0.0013246036853371283
3,1e-01,0.7301370175679525,0.007554530577860408
4,2e-01,0.7270731298128763,0.0020136495701240397
5,5e-01,0.7450950876871744,0.004633176039089217
6,1e+00,0.74456711769104,0.006749053180643459
