{"dataset": "CHEMBL218_EC50", "rmse": 0.7028000114651043, "cliff_rmse": 0.7517544429518903}