,alpha,rmse,rmse_err
0,0e+00,0.7237744903564453,0.021505661456396718
1,1e-02,0.7337436906496685,0.006495548641338323
2,5e-02,0.7099847245216369,0.014028267080797767
3,1e-01,0.7013604180018107,0.009453034213734054
4,2e-01,0.6981482688585917,0.00724803084418496
5,5e-01,0.6870914967854818,0.00987532421758063
6,1e+00,0.6832194868723551,0.0009686027777054281
