,alpha,rmse,rmse_err
0,0e+00,0.7182915345827757,0.007725088651972842
1,1e-02,0.7162338376045231,0.007751006683343799
2,5e-02,0.6937157813707993,0.014377939710085458
3,1e-01,0.6899365496635429,0.005934628942637103
4,2e-01,0.6795554908116667,0.003549506313515369
5,5e-01,0.6728631401062012,0.009119826681567257
6,1e+00,0.6673023772239691,0.003096503866918921
