{"dataset": "CHEMBL2971_Ki", "rmse": 0.6087094658029495, "cliff_rmse": 0.7176636899273037}