,alpha,rmse,rmse_err
0,0e+00,0.8023903195063274,0.006385935308737789
1,1e-02,0.7920634222030639,0.008812035881991444
2,5e-02,0.763840024471283,0.002135627753036804
3,1e-01,0.7479611651102701,0.003714433783865893
4,2e-01,0.7490129741032918,0.0032842806158210605
5,5e-01,0.7435672879219055,0.006208731391463086
6,1e+00,0.747686452070872,0.012840143836407282
