,alpha,rmse,rmse_err
0,0e+00,0.8052067907651272,0.011711026140930326
1,1e-02,0.7879986302057906,0.010178033754079007
2,5e-02,0.761234291394551,0.0014771998195321537
3,1e-01,0.7526540239651999,0.006695658301602155
4,2e-01,0.7504194585482282,0.0028220062039591444
5,5e-01,0.7469688256581629,0.0033681591709714227
6,1e+00,0.7466992791493738,0.0067263842399394565
