{"dataset": "CHEMBL4203_Ki", "rmse": 0.8840058268163054, "cliff_rmse": 1.0069003364636429}