,alpha,rmse,rmse_err
0,0e+00,0.6035374215841299,0.04553864921721277
1,1e-02,0.5687254194021238,0.04545306869685227
2,5e-02,0.5425969864130017,0.04091372226899674
3,1e-01,0.5641280966997149,0.036267573213070975
4,2e-01,0.5360867366790774,0.020713883228465384
5,5e-01,0.5371970924139029,0.024473274234506456
6,1e+00,0.5336870677471169,0.019102409744280277
