,alpha,rmse,rmse_err
0,0e+00,0.6980977090199797,0.006762788950178417
1,1e-02,0.6919343201319377,0.006946860482604085
2,5e-02,0.6845312515894572,0.0042722154579502404
3,1e-01,0.6732047581672669,0.00248627360242539
4,2e-01,0.6730012305577601,0.003201013976970369
5,5e-01,0.6754847367604567,0.0008657938984439761
6,1e+00,0.6769271214803062,0.004808020239825039
