,alpha,rmse,rmse_err
0,0e+00,0.7133714675903321,0.0038998852403973284
1,1e-02,0.7037520249684652,0.0036328463939345698
2,5e-02,0.6991831771532695,0.008462173200514875
3,1e-01,0.6981073482831319,0.0034714606649790436
4,2e-01,0.6946583104133607,0.004058249102698756
5,5e-01,0.6982223741213481,0.0038043932996650203
6,1e+00,0.6940584866205851,0.00205154782082273
