{"dataset": "CHEMBL235_EC50", "rmse": 0.6232273952958715, "cliff_rmse": 0.7435956257732207}