{"dataset": "CHEMBL235_EC50", "rmse": 0.6390914760391883, "cliff_rmse": 0.7637428199738374}