,alpha,rmse,rmse_err
0,0e+00,0.5548115969896317,0.029472756492602316
1,1e-02,0.5406621454954146,0.008068650413612485
2,5e-02,0.5295406646728512,0.024253437194509786
3,1e-01,0.5250161492824549,0.008141669522870607
4,2e-01,0.537951727628708,0.015881663684392817
5,5e-01,0.5387666525840766,0.02019292764693368
6,1e+00,0.5318693352937702,0.013726972144124674
