,alpha,rmse,rmse_err
0,0e+00,0.6355133190155022,0.0342232421867802
1,1e-02,0.5740752121210134,0.03500145082919208
2,5e-02,0.5451222819089884,0.015851993154850207
3,1e-01,0.5416804698705677,0.009372313591645273
4,2e-01,0.5474957200288777,0.014895929973402652
5,5e-01,0.5553448792696001,0.018328614289624484
6,1e+00,0.5528284150362015,0.01770119299325594
