,alpha,rmse,rmse_err
0,0e+00,0.7239148537317911,0.006498854074279171
1,1e-02,0.6961369752883911,0.005049395872949664
2,5e-02,0.6680668083826697,0.003860693676377001
3,1e-01,0.6674985861778254,0.002542354336775665
4,2e-01,0.6559505256017059,0.010444385091940213
5,5e-01,0.656827530066173,0.005988902464161314
6,1e+00,0.6583387883504234,0.007865513875408122
