{"dataset": "CHEMBL2034_Ki", "rmse": 0.7324270957590333, "cliff_rmse": 0.8728838423184128}