,alpha,rmse,rmse_err
0,0e+00,0.6548311511675505,0.0033316762145126047
1,1e-02,0.6471837210655216,0.003989826559145856
2,5e-02,0.6359235183397927,0.0004917896914671278
3,1e-01,0.6333908700943004,0.006343105467302751
4,2e-01,0.6335961500803636,0.0065760499112038585
5,5e-01,0.6377224556605018,0.0059324864041524076
6,1e+00,0.6399611020088195,0.004702388901531782
