{"dataset": "CHEMBL4005_Ki", "rmse": 0.5223725330062049, "cliff_rmse": 0.6458958376559062}