,alpha,rmse,rmse_err
0,0e+00,0.8661960840225221,0.016404729366517722
1,1e-02,0.8486420647303259,0.007645566526526739
2,5e-02,0.8399710186322525,0.0016701403593017768
3,1e-01,0.8242338180541994,0.005713683619124249
4,2e-01,0.8174670314788818,0.0013191160400938932
5,5e-01,0.8088829493522649,0.004149032538080598
6,1e+00,0.8005495834350578,0.0033206614202582994
