,alpha,rmse,rmse_err
0,0e+00,0.7204619956016539,0.012463902556775536
1,1e-02,0.6714293694496155,0.003099736873158359
2,5e-02,0.6642776131629944,0.0009739747159173878
3,1e-01,0.6635739692052206,0.0042665225714929545
4,2e-01,0.6545434069633483,0.001408810137943525
5,5e-01,0.6607098031044005,0.007636580840130608
6,1e+00,0.6756916848818463,0.0060093941360175734
