{"dataset": "CHEMBL3979_EC50", "rmse": 0.6240815020100678, "cliff_rmse": 0.6812485119769479}