,alpha,rmse,rmse_err
0,0e+00,0.6721642112731935,0.005854210426049034
1,1e-02,0.6563315137227376,0.0012900677227327547
2,5e-02,0.6636125381787618,0.003370472952217953
3,1e-01,0.6668700091044109,0.005188411555519549
4,2e-01,0.667774650255839,0.005193246545079321
5,5e-01,0.6834606615702311,0.006394239616293114
6,1e+00,0.6858133157094319,0.004590687863008937
