{"dataset": "CHEMBL264_Ki", "rmse": 0.5863311080116773, "cliff_rmse": 0.651890983826637}