{"dataset": "CHEMBL219_Ki", "rmse": 0.7009826390479668, "cliff_rmse": 0.7110791654023403}