dataset_name,mean_tanimoto,num_scaffolds
BRAF,0.6920903028745183,14
IDO1,0.5788201316563284,36
PHGDH,0.6229722587324991,8
PKCi,0.34996282346608315,34
PLK1,0.7771042558917115,18
RIP2,0.6537151023992432,14
RXFP1,0.611062094260471,42
USP7,0.6577165827196886,16
mGluR2,0.8721320802539702,9
