,alpha,rmse,rmse_err
0,0e+00,0.6762211306889855,0.00486831417065476
1,1e-02,0.6666482885678606,0.00326802505088256
2,5e-02,0.6556108872095746,0.0031592448916347355
3,1e-01,0.6454062191645301,0.0034416316513552485
4,2e-01,0.6460172216097517,0.001511844605453559
5,5e-01,0.6448279325167335,0.0006730137924328528
6,1e+00,0.6447538812955221,0.0031790094059469744
