,alpha,rmse,rmse_err
0,0e+00,0.682319718201955,0.006209802363741341
1,1e-02,0.6675373355547588,0.0016009547788023875
2,5e-02,0.6527550943692526,0.0037190149179893287
3,1e-01,0.6506716704368591,0.003005428453485454
4,2e-01,0.6518336017926535,0.003471998986307272
5,5e-01,0.654290554523468,0.003985639443005011
6,1e+00,0.6549698352813721,0.0020120541288019536
