{"dataset": "CHEMBL264_Ki", "rmse": 0.564313433249266, "cliff_rmse": 0.6648945559864037}