{"dataset": "CHEMBL264_Ki", "rmse": 0.5789701481866075, "cliff_rmse": 0.6401432783419063}