{"dataset": "CHEMBL262_Ki", "rmse": 0.6687864773336243, "cliff_rmse": 0.6383282217852995}