,alpha,rmse,rmse_err
0,0e+00,0.839547175645829,0.05777703373414026
1,1e-02,0.8452577167749411,0.0343936022082605
2,5e-02,0.8337432769536985,0.041476203554542734
3,1e-01,0.8290643330812457,0.03135283909716393
4,2e-01,0.8480966097116474,0.040140990870254606
5,5e-01,0.8328824288845051,0.03536235143977936
6,1e+00,0.8112320415973653,0.04429633431497538
