,alpha,rmse,rmse_err
0,0e+00,0.8662144781351087,0.02388730296114751
1,1e-02,0.8319140442609783,0.041833391821529835
2,5e-02,0.8061607201099399,0.03591216572020857
3,1e-01,0.7990629298686976,0.03349366757353014
4,2e-01,0.804963140368462,0.0296137802321867
5,5e-01,0.7855571879148482,0.02681135291684419
6,1e+00,0.7522506784200662,0.03899547625456659
