,alpha,rmse,rmse_err
0,0e+00,0.8423802248636881,0.007283420219288126
1,1e-02,0.8290680662790934,0.005914450940753109
2,5e-02,0.8152438116073609,0.005501235847609706
3,1e-01,0.7948574844996134,0.007539682061654431
4,2e-01,0.7931199232737223,0.001414472931914584
5,5e-01,0.7919097956021627,0.0030887148144653456
6,1e+00,0.7795090166727702,0.005640701897298936
