,alpha,rmse,rmse_err
0,0e+00,0.8503895386060064,0.006234966022360781
1,1e-02,0.8554298520088187,0.004448472263528056
2,5e-02,0.8250114941596989,0.010849710503484052
3,1e-01,0.8128752477963772,0.009263500654321232
4,2e-01,0.8052198115984601,0.007265725423423758
5,5e-01,0.8026578823725385,0.0090183597116466
6,1e+00,0.7991840298970551,0.0024534125498273406
