{"dataset": "CHEMBL287_Ki", "rmse": 0.7688788257874322, "cliff_rmse": 0.7824748170648798}