{"dataset": "CHEMBL287_Ki", "rmse": 0.6877491100997396, "cliff_rmse": 0.7505229217901284}