,alpha,rmse,rmse_err
0,0e+00,1.1115740668773662,0.07393178111943396
1,1e-02,1.0495582547187807,0.05982884850167327
2,5e-02,1.0044274699687965,0.04942572199655928
3,1e-01,0.9738195235729217,0.03909641997694904
4,2e-01,0.9048104743957524,0.0360729848488232
5,5e-01,0.9043167030811301,0.043005239186040274
6,1e+00,0.9060387629270567,0.07089824055534333
