,alpha,rmse,rmse_err
0,0e+00,0.6369893143177019,0.023075646710009484
1,1e-02,0.6277534141540496,0.026279918267641394
2,5e-02,0.6152919147014592,0.037477452969868624
3,1e-01,0.6132443424463266,0.030885145704263657
4,2e-01,0.6321653712987898,0.024723732942283565
5,5e-01,0.6524841732978828,0.026223642083497523
6,1e+00,0.6556240209341047,0.033374853778838615
