,alpha,rmse,rmse_err
0,0e+00,0.8118065802256266,0.004330512016097841
1,1e-02,0.779018394947052,0.0040610953855716005
2,5e-02,0.7750434986750285,0.004295958554461024
3,1e-01,0.7712137428919474,0.006157744645437335
4,2e-01,0.7674153828620911,0.004240555235413169
5,5e-01,0.766191631158193,0.004577010359648709
6,1e+00,0.7655080978075662,0.0032711520250612797
