{"dataset": "CHEMBL228_Ki", "rmse": 0.6197216986751397, "cliff_rmse": 0.6853699322870775}