,alpha,rmse,rmse_err
0,0e+00,0.6929089204470316,0.004193952211602334
1,1e-02,0.6827800766626994,0.00533847803815265
2,5e-02,0.666985423564911,0.005348363923594084
3,1e-01,0.6632985623677572,0.0015730201033830936
4,2e-01,0.6594010535875955,0.005959108595509464
5,5e-01,0.6627788543701172,0.0077092287004331276
6,1e+00,0.6595963168144227,0.0025910996716973418
