{"dataset": "CHEMBL4792_Ki", "rmse": 0.5968005060371513, "cliff_rmse": 0.6599170194111782}