{"dataset": "CHEMBL4792_Ki", "rmse": 0.5708112084948809, "cliff_rmse": 0.6046496980179791}