,alpha,rmse,rmse_err
0,0e+00,0.7634577544530233,0.024762387319367207
1,1e-02,0.7271925600369772,0.013735530233976
2,5e-02,0.7107432667414347,0.0019342340688636834
3,1e-01,0.7031828339894614,0.0035905013967718127
4,2e-01,0.6950138576825459,0.002495331415016098
5,5e-01,0.6946687150001525,0.009530684654021557
6,1e+00,0.6899773550033569,0.0039124621015749475
