{"dataset": "CHEMBL2034_Ki", "rmse": 0.6788513020401167, "cliff_rmse": 0.8184119321489889}