,alpha,rmse,rmse_err
0,0e+00,0.7189109047253927,0.0038951056830993907
1,1e-02,0.6861509354909261,0.007693906937791474
2,5e-02,0.6926360861460368,0.003161012265536627
3,1e-01,0.6882423480351765,0.004802757287939535
4,2e-01,0.6916550064086913,0.004709844558957332
5,5e-01,0.6999082628885905,0.0014000680348148086
6,1e+00,0.6961080058415731,0.0012198324162604438
