{"dataset": "CHEMBL235_EC50", "rmse": 0.6212586528296138, "cliff_rmse": 0.740242688491365}