,alpha,rmse,rmse_err
0,0e+00,6.622450046539306,0.0
1,1e-02,6.5280815124511715,0.0
2,5e-02,6.605173034667969,0.0
3,1e-01,6.607260379791259,0.0
4,2e-01,6.598740329742432,0.0
5,5e-01,6.6874563598632815,0.0
6,1e+00,6.63303123474121,0.0
