,alpha,rmse,rmse_err
0,0e+00,0.8135145123799642,0.005438758974255461
1,1e-02,0.7887091557184854,0.0027116918255803016
2,5e-02,0.7820218173662822,0.004965528152678598
3,1e-01,0.773863349755605,0.004477432824850987
4,2e-01,0.7713116184870402,0.004303413582765696
5,5e-01,0.7767059286435445,0.00187794011175116
6,1e+00,0.7779309391975403,0.002576149631593906
