{"dataset": "CHEMBL244_Ki", "rmse": 0.6506484349166314, "cliff_rmse": 0.710397795978666}