{"dataset": "CHEMBL236_Ki", "rmse": 0.6477387141021114, "cliff_rmse": 0.8023189017964668}