,alpha,rmse,rmse_err
0,0e+00,0.7283372322718303,0.008189911534610274
1,1e-02,0.7195691553751628,0.004252100381298615
2,5e-02,0.7142192649841309,0.0019212342654867747
3,1e-01,0.7050496776898703,0.0035775787532772445
4,2e-01,0.6978174090385437,0.00421990955337388
5,5e-01,0.7045424699783324,0.0011437618522983249
6,1e+00,0.7078075782457988,0.006994153576873053
