,alpha,rmse,rmse_err
0,0e+00,0.7008767461776743,0.004633782737136836
1,1e-02,0.7003233027458197,0.0032151548136566603
2,5e-02,0.6933456293741856,0.0033229578834944114
3,1e-01,0.6801633993784573,0.0023388523753458805
4,2e-01,0.6832174809773749,0.006948597879963714
5,5e-01,0.6819863033294681,0.0008796532757625934
6,1e+00,0.6940482481320697,0.0023606022711776926
