{"dataset": "CHEMBL2147_Ki", "rmse": 0.5335243588729023, "cliff_rmse": 0.5406587998247472}