{"dataset": "CHEMBL2147_Ki", "rmse": 0.6058918520084063, "cliff_rmse": 0.6734805351975801}