,alpha,rmse,rmse_err
0,0e+00,0.5550238072872162,0.0016009968519211104
1,1e-02,0.5484833031892776,0.004440540075302146
2,5e-02,0.5444276490807534,0.0010149857401848261
3,1e-01,0.5500256955623626,0.0016353952884674006
4,2e-01,0.545034264922142,0.0002877235412597212
5,5e-01,0.5511204788088798,0.0012953957915305958
6,1e+00,0.5494797092676162,0.000653300881385821
