,alpha,rmse,rmse_err
0,0e+00,0.7375193627675375,0.008961217116227445
1,1e-02,0.7309397538503012,0.005676751261307509
2,5e-02,0.7144637624422709,0.0069067175247396
3,1e-01,0.7196825178464253,0.004009176806428633
4,2e-01,0.7198924565315247,0.0023296655381537627
5,5e-01,0.7120919911066691,0.003551877606635892
6,1e+00,0.7143107120196025,0.005672724716549049
