,alpha,rmse,rmse_err
0,0e+00,0.7777971633275347,0.00899243817451096
1,1e-02,0.7522128574053476,0.007612231837635979
2,5e-02,0.7364508247375472,0.0062309730270907185
3,1e-01,0.736799557209015,0.00870476933575327
4,2e-01,0.7343385012944528,0.0015820567705903097
5,5e-01,0.7374630951881391,0.0029057233314713784
6,1e+00,0.7267099698384615,0.007512923997863704
