{"dataset": "CHEMBL4616_EC50", "rmse": 0.6196880932611704, "cliff_rmse": 0.6331895131747959}