{"dataset": "CHEMBL4616_EC50", "rmse": 0.6524501824873417, "cliff_rmse": 0.7114015638800248}