{"dataset": "CHEMBL234_Ki", "rmse": 0.6187840031801781, "cliff_rmse": 0.6408207952938126}