,alpha,rmse,rmse_err
0,0e+00,0.32109519928693675,0.007739995661535279
1,1e-02,0.3144186643958086,0.007443822684647066
2,5e-02,0.3046534558534634,0.004303743296429427
3,1e-01,0.2992194505333899,0.003166903518930955
4,2e-01,0.2995259512066845,0.005452402237852165
5,5e-01,0.298034023582935,0.0035602493370649395
6,1e+00,0.2968898429870606,0.0056044119065498214
