,alpha,rmse,rmse_err
0,0e+00,0.8621794708569844,0.010678393292706237
1,1e-02,0.7947567749023438,0.007390419657762358
2,5e-02,0.7786854569117229,0.0054619924711496815
3,1e-01,0.7867499796549479,0.002093625205080884
4,2e-01,0.7780088782310486,0.0027965169235511277
5,5e-01,0.7826870814959209,0.00819101214060864
6,1e+00,0.787307620048523,0.009536006051288284
