{"dataset": "CHEMBL287_Ki", "rmse": 0.7053410977469476, "cliff_rmse": 0.763803978496938}