{"dataset": "CHEMBL3979_EC50", "rmse": 0.7027592799919999, "cliff_rmse": 0.7439265297705102}