,alpha,rmse,rmse_err
0,0e+00,0.7424453886349988,0.004909264446221716
1,1e-02,0.7301972047487891,0.01211766960596714
2,5e-02,0.7053871774673475,0.003288632994631883
3,1e-01,0.7020446435610436,0.004532278745571193
4,2e-01,0.706338678201039,0.007911568572426888
5,5e-01,0.6935078724225373,0.001378123959575905
6,1e+00,0.6929298869768766,0.0013207762539233544
