,alpha,rmse,rmse_err
0,0e+00,0.7452523525555929,0.008980112433989945
1,1e-02,0.7217648474375408,0.005598769727896048
2,5e-02,0.7168581151962282,0.008347906049803755
3,1e-01,0.6960834097862243,0.011384693556860951
4,2e-01,0.6930074604352315,0.011842790149588675
5,5e-01,0.6904070607821146,0.003934702155581231
6,1e+00,0.690694633324941,0.003338868207305595
