{"dataset": "CHEMBL231_Ki", "rmse": 0.6742796722698211, "cliff_rmse": 0.8777787311318627}