{"dataset": "CHEMBL231_Ki", "rmse": 0.652742646210583, "cliff_rmse": 0.7905689610660847}