,alpha,rmse,rmse_err
0,0e+00,0.7578829876581827,0.019487696992682216
1,1e-02,0.7227532704671225,0.003040169391680107
2,5e-02,0.6995450901985169,0.007718126576139385
3,1e-01,0.7039729674657186,0.002226353863014566
4,2e-01,0.7013601978619892,0.004482689817187966
5,5e-01,0.7022362089157105,0.0029702105914300773
6,1e+00,0.7188919003804525,0.005667561693062322
