{"dataset": "CHEMBL238_Ki", "rmse": 0.5932322923018383, "cliff_rmse": 0.6768575079063787}