,alpha,rmse,rmse_err
0,0e+00,0.672011646429698,0.008930008825655289
1,1e-02,0.6612904604276016,0.005043306187018643
2,5e-02,0.6529712009429928,0.0013394036041820038
3,1e-01,0.6454573623339335,0.0024210745573396467
4,2e-01,0.6441318424542745,0.004408847795939015
5,5e-01,0.64644583384196,0.0035399083239507816
6,1e+00,0.657054204940796,0.006508239751491417
