{"dataset": "CHEMBL214_Ki", "rmse": 0.6415125127016328, "cliff_rmse": 0.6916777379409662}