,alpha,rmse,rmse_err
0,0e+00,0.7566402713457743,0.0060085871842161746
1,1e-02,0.7309509174029033,0.004534200724271743
2,5e-02,0.7344396630922954,0.0006437179708925708
3,1e-01,0.7371871630350748,0.005380671515960509
4,2e-01,0.7438091254234314,0.0020072361624961844
5,5e-01,0.7600673015912375,0.0032221901983543627
6,1e+00,0.7678204043706257,0.005993376585230337
