{"dataset": "CHEMBL204_Ki", "rmse": 0.6916795696314862, "cliff_rmse": 0.79698169357701}