,alpha,rmse,rmse_err
0,0e+00,0.8549689610799153,0.01124450659005263
1,1e-02,0.8250288875897726,0.007231796470128566
2,5e-02,0.8025688783327739,0.005679268205541667
3,1e-01,0.7932758879661561,0.006604015290041342
4,2e-01,0.7810016711552938,0.004090478156557514
5,5e-01,0.7729439719518024,0.002400817690148845
6,1e+00,0.7687323141098023,0.0022235545063787996
