{"dataset": "CHEMBL237_Ki", "rmse": 0.6918936057709386, "cliff_rmse": 0.7790997075704739}