,alpha,rmse,rmse_err
0,0e+00,0.7403486522038777,0.0030886855528932727
1,1e-02,0.7196122415860494,0.004101117136389055
2,5e-02,0.7125465218226115,0.003732473669247432
3,1e-01,0.7139747174580893,0.003036704006106311
4,2e-01,0.7193097813924153,0.00434623729552547
5,5e-01,0.7370368194580078,0.005485808316336888
6,1e+00,0.7644696164131165,0.007115143816592679
