{"dataset": "CHEMBL4616_EC50", "rmse": 0.6393341054158724, "cliff_rmse": 0.7038910819109855}