,alpha,rmse,rmse_err
0,0e+00,0.7757999277114861,0.005460570780719726
1,1e-02,0.7622040343284611,0.005566386177659556
2,5e-02,0.7479538067181907,0.004257918760197503
3,1e-01,0.7345670350392662,0.002563130288509486
4,2e-01,0.7280262001355493,0.005998004336966734
5,5e-01,0.729602582454682,0.002677249923421121
6,1e+00,0.719129164218904,0.001599553682252826
