,alpha,rmse,rmse_err
0,0e+00,0.8013076170285544,0.010965231982305137
1,1e-02,0.783634626865387,0.004557623373331568
2,5e-02,0.7549285944302877,0.005525758039260369
3,1e-01,0.7411796085039776,0.006138133270582805
4,2e-01,0.7399579238891603,0.002826991223756975
5,5e-01,0.744257512887319,0.0025176612258661704
6,1e+00,0.7441036907831827,0.0013686449282113821
