{"dataset": "CHEMBL219_Ki", "rmse": 0.6382682241794377, "cliff_rmse": 0.6867490711413183}