,alpha,rmse,rmse_err
0,0e+00,0.7771801559130358,0.006541118922761393
1,1e-02,0.7692124207814528,0.0018139445848266505
2,5e-02,0.7680623324712116,0.004696825442071808
3,1e-01,0.7639273420969644,0.0038004331919568504
4,2e-01,0.7683482670784003,0.0017993422600440397
5,5e-01,0.7734266813596095,0.0023164090809390464
6,1e+00,0.782909615039825,0.001705602377478279
