,alpha,rmse,rmse_err
0,0e+00,0.7578956087430319,0.0036389281862861255
1,1e-02,0.754599138100942,0.006167658862586465
2,5e-02,0.7476765775680544,0.002616335547630934
3,1e-01,0.741450138092041,0.0016094912121591932
4,2e-01,0.7505485057830811,0.002666414360278872
5,5e-01,0.7391655890146892,0.0015679529424379032
6,1e+00,0.7427877712249756,0.002022354627171251
