{"dataset": "CHEMBL204_Ki", "rmse": 0.6937094088020913, "cliff_rmse": 0.8049810420248801}