,alpha,rmse,rmse_err
0,1e-01,7.117410831451416,0.0
1,1e-02,7.022078361511231,0.0
2,5e-02,7.098602199554444,0.0
3,1e-01,7.102235794067383,0.0
4,2e-01,7.0934661102294925,0.0
5,5e-01,7.183028831481934,0.0
6,1e+00,7.127652645111084,0.0
