,alpha,rmse,rmse_err
0,0e+00,0.7588765652974446,0.007805621523933803
1,1e-02,0.7304718732833861,0.006793777972510684
2,5e-02,0.7283780694007874,0.005395964020630816
3,1e-01,0.7237587428092956,0.004053454239293455
4,2e-01,0.7249365297953289,0.00261086120981578
5,5e-01,0.729069788455963,0.005892570466431412
6,1e+00,0.7403136960665385,0.00744679807445085
