{"dataset": "CHEMBL239_EC50", "rmse": 0.6727475448818475, "cliff_rmse": 0.7631784701612792}