,alpha,rmse,rmse_err
0,0e+00,0.8209151649475097,0.0058600194743213315
1,1e-02,0.7752746438980104,0.008171899879488747
2,5e-02,0.7527826086680095,0.009836014175371463
3,1e-01,0.7511599270502726,0.005416259975233272
4,2e-01,0.7457350969314575,0.004413323278554129
5,5e-01,0.7528780579566955,0.005579896221616982
6,1e+00,0.7873188924789428,0.005879867722582713
