{"dataset": "CHEMBL1862_Ki", "rmse": 0.7162037230955155, "cliff_rmse": 0.6982980692463708}