,alpha,rmse,rmse_err
0,0e+00,0.6866457899411517,0.014283750260276269
1,1e-02,0.669936544100442,0.00818803211649902
2,5e-02,0.6658885399500521,0.0031675351449886565
3,1e-01,0.6541677053769424,0.0010109366289539482
4,2e-01,0.6519350949923206,0.0028739422692875163
5,5e-01,0.656530355612437,0.008724966723346297
6,1e+00,0.6539575552940371,0.006191325030236451
