,alpha,rmse,rmse_err
0,0e+00,0.7795312730471289,0.002655098751563522
1,1e-02,0.7611105688412989,0.001387991312300765
2,5e-02,0.7541698622703558,0.0025290675633415274
3,1e-01,0.7478225040435786,0.00488554257391575
4,2e-01,0.753842243353526,0.004835656378285025
5,5e-01,0.757877279917398,0.008336261501700528
6,1e+00,0.7614813510576881,0.003122687397521535
