{"dataset": "CHEMBL233_Ki", "rmse": 0.7036445326291343, "cliff_rmse": 0.7629205603755252}