,alpha,rmse,rmse_err
0,0e+00,0.745347184340159,0.008518195122581382
1,1e-02,0.7328149223327637,0.006688995101006779
2,5e-02,0.7271754813194274,0.008693928342657265
3,1e-01,0.7125452009836833,0.009680887584243006
4,2e-01,0.7032227603594462,0.001479205606247546
5,5e-01,0.6978759749730429,0.007842241142150937
6,1e+00,0.7064891203244527,0.002333446012042148
