,alpha,rmse,rmse_err
0,0e+00,0.7765613802274073,0.007088280931396875
1,1e-02,0.768417541980743,0.011802138380772572
2,5e-02,0.7551678911844903,0.010839478118866382
3,1e-01,0.7328460836410523,0.0033699841260195528
4,2e-01,0.7263555606206257,0.00525976465485276
5,5e-01,0.7240852308273321,0.003808756460769412
6,1e+00,0.7197661272684726,0.006170517872505336
