{"dataset": "CHEMBL238_Ki", "rmse": 0.5938950796699038, "cliff_rmse": 0.7331764529579519}