{"dataset": "CHEMBL238_Ki", "rmse": 0.6161990549568316, "cliff_rmse": 0.6954559978125451}