,alpha,rmse,rmse_err
0,0e+00,0.6861149724324545,0.0019046068722080255
1,1e-02,0.6740474192301432,0.003552002637118901
2,5e-02,0.6625358287493387,0.00387651911067019
3,1e-01,0.6524700506528219,0.002837602473075099
4,2e-01,0.6527336621284484,0.003345833381367725
5,5e-01,0.6544850770632427,0.000550497532997758
6,1e+00,0.6575424353281657,0.004232851307946364
