{"dataset": "CHEMBL214_Ki", "rmse": 0.613045927802339, "cliff_rmse": 0.6987261752214231}