,alpha,rmse,rmse_err
0,0e+00,0.7546680839856466,0.0026935168511364005
1,1e-02,0.7553890403111776,0.003413151185932287
2,5e-02,0.7389509590466817,0.0064730719574864586
3,1e-01,0.7339185818036397,0.004314576386766843
4,2e-01,0.7300000405311584,0.001632055771121359
5,5e-01,0.7302803468704223,0.0024160186952354957
6,1e+00,0.7251501727104187,0.0014882084338045504
