{"dataset": "CHEMBL239_EC50", "rmse": 0.6780666198929677, "cliff_rmse": 0.7837534703495986}