,alpha,rmse,rmse_err
0,0e+00,0.7746621696154281,0.011035087448854572
1,1e-02,0.7565665992101044,0.01119851678911569
2,5e-02,0.746280711491904,0.004216307534137278
3,1e-01,0.7287059005101506,0.002600708142180755
4,2e-01,0.7307168253262839,0.0061834548147804685
5,5e-01,0.7094093251228341,0.007714255552589252
6,1e+00,0.7108652345339479,0.006087666366977058
