,alpha,rmse,rmse_err
0,0e+00,0.7610876790682474,0.008600551456945006
1,1e-02,0.7497997077306112,0.004547997052920052
2,5e-02,0.7428613634904225,0.009447925603448546
3,1e-01,0.7237330396970113,0.005611478506164424
4,2e-01,0.7180905238787334,0.004890890096735583
5,5e-01,0.7118139704068502,0.01187824909987637
6,1e+00,0.7265504042307537,0.007644217060011921
