{"dataset": "CHEMBL1871_Ki", "rmse": 0.6387955790542669, "cliff_rmse": 0.870619676411756}