,alpha,rmse,rmse_err
0,0e+00,0.7960619608561198,0.008060527447933159
1,1e-02,0.7635547399520873,0.003995014333894392
2,5e-02,0.7659597373008729,0.009284323562780415
3,1e-01,0.7648689929644267,0.0022885653980677773
4,2e-01,0.7718022878964742,0.002016455242683457
5,5e-01,0.7818241222699482,0.0010253940070375394
6,1e+00,0.7874858752886454,0.004841323889784967
