{"dataset": "CHEMBL244_Ki", "rmse": 0.6481360253634262, "cliff_rmse": 0.7224422880912235}