,alpha,rmse,rmse_err
0,0e+00,0.8486415497461954,0.012974528999778459
1,1e-02,0.787104016939799,0.004265834057751656
2,5e-02,0.7698968847592672,0.006170069376823443
3,1e-01,0.7749544231096904,0.004895618236767359
4,2e-01,0.7697107569376628,0.0014316503410100531
5,5e-01,0.7995980461438497,0.0024363649118352357
6,1e+00,0.8276547193527222,0.00188329091304966
