{"dataset": "CHEMBL262_Ki", "rmse": 0.7116622456832057, "cliff_rmse": 0.6990734663221729}