,alpha,rmse,rmse_err
0,0e+00,0.7583423169453939,0.002383743805873441
1,1e-02,0.7396804300944003,0.0052756646109838
2,5e-02,0.7221255850791932,0.0030950418295975076
3,1e-01,0.71866275548935,0.0039161270072795885
4,2e-01,0.7157884661356615,0.002083799671566726
5,5e-01,0.7182419721285503,0.0044994265446617705
6,1e+00,0.7170160325368246,0.004866367112022784
