{"dataset": "CHEMBL239_EC50", "rmse": 0.6489037791243398, "cliff_rmse": 0.7413362072498582}