,alpha,rmse,rmse_err
0,0e+00,0.8617507870992025,0.002706697926350673
1,1e-02,0.8414201172192891,0.006714260924010015
2,5e-02,0.8258170104026794,0.009361407978268158
3,1e-01,0.8251556547482807,0.005461844248341229
4,2e-01,0.8092985224723815,0.0016551442466654625
5,5e-01,0.794364021619161,0.002891297483005616
6,1e+00,0.7880060354868572,0.0024136188376784272
