{"dataset": "CHEMBL237_Ki", "rmse": 0.7021234827667284, "cliff_rmse": 0.7966191150858946}