{"dataset": "CHEMBL237_Ki", "rmse": 0.7208612161150648, "cliff_rmse": 0.7499595750254207}