,alpha,rmse,rmse_err
0,0e+00,0.42329059839248656,0.0033639933284065502
1,1e-02,0.41230642000834145,0.002371493111457689
2,5e-02,0.414918357928594,0.0016445451045204525
3,1e-01,0.41199535290400185,0.0033875239506215003
4,2e-01,0.4053980429967245,0.0020488434895990387
5,5e-01,0.4030069859822591,0.0028705084048572583
6,1e+00,0.40729530572891237,0.001671473607993242
