,alpha,rmse,rmse_err
0,0e+00,0.6953362862269062,0.006453693855571502
1,1e-02,0.688354417483014,0.003919418900337941
2,5e-02,0.6717547726631171,0.006414494366140173
3,1e-01,0.6655061244964596,0.005423201943287701
4,2e-01,0.6759804964065556,0.002420760730026606
5,5e-01,0.6720430890719075,0.0032954556274602514
6,1e+00,0.6845740302403768,0.008715065387517089
