{"dataset": "CHEMBL2047_EC50", "rmse": 0.5928529287925118, "cliff_rmse": 0.6626556412119852}