,alpha,rmse,rmse_err
0,0e+00,0.7892247893810248,0.03168285660759743
1,1e-02,0.7531058454513557,0.023708503781198105
2,5e-02,0.7273499119281787,0.030703347720040523
3,1e-01,0.711931729316714,0.011383891538355187
4,2e-01,0.7182440111637145,0.02168476048847603
5,5e-01,0.6931085956096662,0.017074797395254904
6,1e+00,0.6894039642810822,0.014720416549699893
