,alpha,rmse,rmse_err
0,0e+00,0.9502980208396897,0.011172636971008051
1,1e-02,0.9373733806610116,0.011993178340620157
2,5e-02,0.9237500985463437,0.003064623760565248
3,1e-01,0.9102956215540559,0.007332205591388113
4,2e-01,0.9189564228057879,0.007730397068715935
5,5e-01,0.9042397403717057,0.013385920295177102
6,1e+00,0.9058990001678476,0.00788259688850784
