{"dataset": "CHEMBL237_EC50", "rmse": 0.7960218066020041, "cliff_rmse": 0.9058496439243673}