,alpha,rmse,rmse_err
0,0e+00,0.6715592352549234,0.0059845251614944065
1,1e-02,0.6626050424575806,0.0017757990365827108
2,5e-02,0.6553949427604676,0.010595578746049482
3,1e-01,0.6420361471176147,0.004031326608297354
4,2e-01,0.6393147476514179,0.007377344706904895
5,5e-01,0.6537783447901409,0.0052244108438248915
6,1e+00,0.6510696037610372,0.0067453015646742635
