{"dataset": "CHEMBL4005_Ki", "rmse": 0.5929340647895935, "cliff_rmse": 0.6978716066502024}