,alpha,rmse,rmse_err
0,0e+00,0.3768336979150778,0.025157822068276027
1,1e-02,0.35586458063125614,0.01841895024076853
2,5e-02,0.36040219938754947,0.018405021447399934
3,1e-01,0.3550421437025077,0.014898986836114066
4,2e-01,0.35314197856187746,0.018063515187900888
5,5e-01,0.3490461180210113,0.010805510818406118
6,1e+00,0.3484162496924399,0.020145578991891473
