,alpha,rmse,rmse_err
0,0e+00,0.4251026667356489,0.04009819625863882
1,1e-02,0.3461073444485662,0.025819577731482527
2,5e-02,0.34276916724443496,0.022956994380028888
3,1e-01,0.3385675649046904,0.034302404686394096
4,2e-01,0.3374831877350808,0.015760297589420796
5,5e-01,0.34032380652427774,0.023871932196126006
6,1e+00,0.3471990971565233,0.011992855887926524
