,alpha,rmse,rmse_err
0,0e+00,0.7708433715502422,0.004920234786165358
1,1e-02,0.7557075500488281,0.004086326927997676
2,5e-02,0.7515158987045288,0.002077642169645689
3,1e-01,0.7418377240498861,0.00144244265063685
4,2e-01,0.7430545838673909,0.0025120273470318065
5,5e-01,0.7428912289937338,0.0006457035782464387
6,1e+00,0.7438344915707905,0.006242827123856408
