{"dataset": "CHEMBL233_Ki", "rmse": 0.7652565109762219, "cliff_rmse": 0.8801320622924625}