,alpha,rmse,rmse_err
0,0e+00,0.7058459417025249,0.007117927284188432
1,1e-02,0.6740553792317708,0.004426802904485138
2,5e-02,0.6764729547500611,0.014470559797789299
3,1e-01,0.6765966010093688,0.011767286082098932
4,2e-01,0.6927545674641927,0.006936448731536439
5,5e-01,0.7128462942441304,0.01851068267057153
6,1e+00,0.7432991568247478,0.02447555753031597
