{"dataset": "CHEMBL2047_EC50", "rmse": 0.6178338712023024, "cliff_rmse": 0.6903828827190691}