,alpha,rmse,rmse_err
0,0e+00,1.0992998557090758,0.22442481255461066
1,1e-02,0.8917277123928061,0.020013241773184087
2,5e-02,0.821652917027474,0.03332414638990772
3,1e-01,0.8101375210285188,0.032162638399785226
4,2e-01,0.7753873301744455,0.04119740321536278
5,5e-01,0.7592892546653738,0.048819323110985594
6,1e+00,0.706575663805008,0.03524019584145286
