,alpha,rmse,rmse_err
0,0e+00,0.7229452395439148,0.004150479095201676
1,1e-02,0.7126082889238994,0.003672843495840712
2,5e-02,0.6881006129582724,0.0032069521940539256
3,1e-01,0.6900744565327962,0.002700583418299647
4,2e-01,0.6874635648727416,0.0034616936047284896
5,5e-01,0.6920722579956055,0.004096313890084801
6,1e+00,0.6968944080670675,0.004092690734033226
