,alpha,rmse,rmse_err
0,0e+00,0.7538534681002306,0.0031349050252233485
1,1e-02,0.7425126393636065,0.0010077120868438247
2,5e-02,0.7302795092264814,0.001230151202658353
3,1e-01,0.7256787570317588,0.00473676703038733
4,2e-01,0.7277573323249821,0.0042048772982076306
5,5e-01,0.7344376150767005,0.004593325810291278
6,1e+00,0.7381496214866634,0.0012994270964465115
