{"dataset": "CHEMBL236_Ki", "rmse": 0.6937736346486775, "cliff_rmse": 0.7814283310987796}