,alpha,rmse,rmse_err
0,0e+00,0.8339568662643432,0.005349293205461794
1,1e-02,0.7682618021965028,0.002791323384226279
2,5e-02,0.7434376962979635,0.004460376809939179
3,1e-01,0.7271583573023478,0.007471284906596236
4,2e-01,0.7271426955858867,0.005173393433582111
5,5e-01,0.7581790192921957,0.008451004830385024
6,1e+00,0.7984168521563212,0.004092964661914832
