{"dataset": "CHEMBL4203_Ki", "rmse": 0.864628143054869, "cliff_rmse": 1.026699074882654}