,alpha,rmse,rmse_err
0,0e+00,0.7489799904823303,0.014076643486251683
1,1e-02,0.7297184705734253,0.004007606951920628
2,5e-02,0.7303444592158,0.006480678820934875
3,1e-01,0.7296416743596396,0.012552343152484354
4,2e-01,0.7343709460894269,0.015040328751874851
5,5e-01,0.7450232839584352,0.004195240419006082
6,1e+00,0.747658654054006,0.009901121602185967
