{"dataset": "CHEMBL218_EC50", "rmse": 0.7145156603615745, "cliff_rmse": 0.7457125762875451}