,alpha,rmse,rmse_err
0,0e+00,0.783607579867045,0.012656156186732407
1,1e-02,0.7187381847699484,0.0033088191472409887
2,5e-02,0.7113240305582682,0.0050494628430709345
3,1e-01,0.6942192983627319,0.006330940018047566
4,2e-01,0.6837227924664816,0.009274369153709326
5,5e-01,0.7133271058400471,0.008065553478298754
6,1e+00,0.7671883567174276,0.010956330659500862
