{"dataset": "CHEMBL1871_Ki", "rmse": 0.6523703167879351, "cliff_rmse": 0.9062958704049524}