,alpha,rmse,rmse_err
0,0e+00,0.7912505729993189,0.0032660853728910927
1,1e-02,0.7810204752286275,0.004281010655757966
2,5e-02,0.7655950013796485,0.0010835351077708435
3,1e-01,0.7617844502131139,0.004233996402699166
4,2e-01,0.7595851858456931,0.0012364032117129745
5,5e-01,0.7670911264419559,0.003078970429250349
6,1e+00,0.7709016529719036,0.003116835786608608
