{"dataset": "CHEMBL244_Ki", "rmse": 0.6956833704864959, "cliff_rmse": 0.7923301027380457}