,alpha,rmse,rmse_err
0,0e+00,0.735055869460106,0.03181656240436779
1,1e-02,0.7233062278032307,0.02213584045890021
2,5e-02,0.7233102316856397,0.019936770967224782
3,1e-01,0.7261871123313914,0.022508014220225116
4,2e-01,0.7299428154230118,0.03165072022744581
5,5e-01,0.7214522398710255,0.023638715241279275
6,1e+00,0.7156060079336188,0.022806878941348068
