,alpha,rmse,rmse_err
0,0e+00,0.519727163314818,0.0042024382030080715
1,1e-02,0.4986346447467791,0.014382223303507295
2,5e-02,0.4758163249492647,0.003698742348880759
3,1e-01,0.49137752135594664,0.0056689502977993154
4,2e-01,0.49810524861017935,0.012394691620532966
5,5e-01,0.47953030625979104,0.016629380768495964
6,1e+00,0.4817156485716512,0.006394740829735434
