,alpha,rmse,rmse_err
0,0e+00,0.4955096312363942,0.0013368274089553993
1,1e-02,0.5001420331001282,0.00481642785875114
2,5e-02,0.5000893382231394,0.004212585728766255
3,1e-01,0.48619260549545285,0.012647376846519846
4,2e-01,0.5110067872206371,0.019706203707233968
5,5e-01,0.4987048765023549,0.011993492844475304
6,1e+00,0.48511027018229164,0.002511005545799265
