{"dataset": "CHEMBL2835_Ki", "rmse": 0.38902582270348873, "cliff_rmse": 0.6916740968028117}