,alpha,rmse,rmse_err
0,0e+00,0.779764264424642,0.015099496473006518
1,1e-02,0.7112189904848735,0.0016051544844946828
2,5e-02,0.7117184019088745,0.004801146596211208
3,1e-01,0.7094621451695761,0.006232799287698205
4,2e-01,0.6966191450754802,0.005086837490042941
5,5e-01,0.6971821935971577,0.005402730929889124
6,1e+00,0.7048919153213501,0.0043035349341772325
