{"dataset": "CHEMBL231_Ki", "rmse": 0.6741550191499183, "cliff_rmse": 0.8528663798685239}