,alpha,rmse,rmse_err
0,0e+00,0.3317370237112048,0.017965126411739262
1,1e-02,0.3039836897850043,0.007506310530194011
2,5e-02,0.2926835980415349,0.006050288496210383
3,1e-01,0.29255474871397086,0.008941012938656972
4,2e-01,0.28548455268144624,0.005008878401683622
5,5e-01,0.29562232393026194,0.004089640271361567
6,1e+00,0.29613131266832415,0.005886586349875676
