,alpha,rmse,rmse_err
0,0e+00,0.7251196161905925,0.018277194606591367
1,1e-02,0.6868914500872294,0.0024391542442887184
2,5e-02,0.6606777064005535,0.008669199386436099
3,1e-01,0.6580800223350525,0.002753156356217745
4,2e-01,0.6673663457234701,0.0046829665433347325
5,5e-01,0.6555946056048075,0.00720439447376962
6,1e+00,0.6733086085319518,0.010568313633987818
