{"dataset": "CHEMBL2971_Ki", "rmse": 0.6062474147975349, "cliff_rmse": 0.6685046000536373}