,alpha,rmse,rmse_err
0,0e+00,0.8436104440689087,0.006800438368035228
1,1e-02,0.8263472008705138,0.005890680546020124
2,5e-02,0.8096326192220052,0.002595392647162062
3,1e-01,0.7921908895174662,0.002531514240827561
4,2e-01,0.7848562065760295,0.00286640339576362
5,5e-01,0.7846542716026307,0.00645046659208206
6,1e+00,0.786034619808197,0.0037869227922543115
