,alpha,rmse,rmse_err
0,0e+00,0.8200069157282511,0.0016675810384648593
1,1e-02,0.7939132499694824,0.011467610375190854
2,5e-02,0.7775295678774506,0.0031137852356051482
3,1e-01,0.7711567179361984,0.0041145061635833695
4,2e-01,0.7597126277287805,0.003994183524585932
5,5e-01,0.7656518872578931,0.006451427018930288
6,1e+00,0.7593759910265607,0.003205672059815104
