{"dataset": "CHEMBL262_Ki", "rmse": 0.6828695769832763, "cliff_rmse": 0.6440364095830577}