,alpha,rmse,rmse_err
0,0e+00,0.7037899740537005,0.005029271904239262
1,1e-02,0.6896484271685285,0.0013977564583816627
2,5e-02,0.6790959533055626,0.003807914142215635
3,1e-01,0.6750678745905564,0.0023316908492270138
4,2e-01,0.6707284394900007,0.0012492752923359874
5,5e-01,0.6781267976760859,0.0018845806131507462
6,1e+00,0.680624826749165,0.005699921906948542
