,alpha,rmse,rmse_err
0,0e+00,0.7037220096588134,0.004380915192528783
1,1e-02,0.6899885924657184,0.0023482526378027935
2,5e-02,0.6770991635322572,0.0015878879328143423
3,1e-01,0.6686047061284383,0.0025510987168276687
4,2e-01,0.6726075180371601,0.0020068271901189654
5,5e-01,0.6742486484845479,0.000783497266971327
6,1e+00,0.6794765885670979,0.0014285673302813064
