{"dataset": "CHEMBL234_Ki", "rmse": 0.5889781093281147, "cliff_rmse": 0.6058503290834311}