,alpha,rmse,rmse_err
0,0e+00,0.5760570937395082,0.02175550886480988
1,1e-02,0.5704252682924252,0.02591290296258565
2,5e-02,0.5670747177600861,0.035694232228244645
3,1e-01,0.5510978392362592,0.02653002842236203
4,2e-01,0.5724496933221819,0.020169238406680872
5,5e-01,0.5829638417959215,0.026924072042336704
6,1e+00,0.5738989189863216,0.027926945531070453
