,alpha,rmse,rmse_err
0,0e+00,0.6893284050623576,0.007609088402416115
1,1e-02,0.6845071172714233,0.0074902259895032975
2,5e-02,0.6708654141426087,0.008765391241183952
3,1e-01,0.6613603560129802,0.0019288959708719624
4,2e-01,0.66954328139623,0.007822294418977638
5,5e-01,0.6726795633633932,0.0011857158348873558
6,1e+00,0.6706680417060852,0.007216418423144566
