{"dataset": "CHEMBL2047_EC50", "rmse": 0.6003416693510579, "cliff_rmse": 0.6668694030905739}