,alpha,rmse,rmse_err
0,0e+00,0.7940916601816813,0.0072297448049250404
1,1e-02,0.7894977434476216,0.009308124745271587
2,5e-02,0.7692582925160726,0.0029888898546264783
3,1e-01,0.7651598501205444,0.004186539734058384
4,2e-01,0.7676854785283407,0.004197837763523373
5,5e-01,0.7737665502230326,0.007262758403888132
6,1e+00,0.7793657159805298,0.0022523224605617443
