,alpha,rmse,rmse_err
0,0e+00,0.7673928006490064,0.008875020843723653
1,1e-02,0.7418192076683042,0.005116414289266576
2,5e-02,0.7339862195650738,0.0032097277977000006
3,1e-01,0.7307598447799686,0.004432563249387506
4,2e-01,0.7311197781562808,0.0028447663422397776
5,5e-01,0.7265153765678397,0.003645882162842558
6,1e+00,0.7255357607205712,0.003385092598788463
