{"dataset": "CHEMBL228_Ki", "rmse": 0.6638419058033596, "cliff_rmse": 0.7490859547769699}