{"dataset": "CHEMBL228_Ki", "rmse": 0.6103760223774954, "cliff_rmse": 0.6600388830528048}