,alpha,rmse,rmse_err
0,0e+00,0.772879827817281,0.004455005584099442
1,1e-02,0.7089160315195718,0.016639059049402403
2,5e-02,0.6927488168080648,0.004560576468570154
3,1e-01,0.6782280166943867,0.008094075649178557
4,2e-01,0.6817646662394204,0.0027735822734810487
5,5e-01,0.6900577306747436,0.004244877275274778
6,1e+00,0.707144075234731,0.011233659244411439
