{"dataset": "CHEMBL2034_Ki", "rmse": 0.6789631169444259, "cliff_rmse": 0.8138365226338181}