,alpha,rmse,rmse_err
0,0e+00,0.8397298979759205,0.005017728764517914
1,1e-02,0.8100122173627211,0.003855384075819031
2,5e-02,0.7929220318794249,0.006486105035520648
3,1e-01,0.7993948300679534,0.0025931835345107293
4,2e-01,0.7868731594085694,0.0052716108185572675
5,5e-01,0.7904509449005143,0.015237621735403425
6,1e+00,0.7809326338768018,0.005414914020019521
