,alpha,rmse,rmse_err
0,0e+00,0.8045752970377604,0.004695835748827843
1,1e-02,0.786309822400411,0.006072320320453985
2,5e-02,0.767934611638387,0.0038709575539957095
3,1e-01,0.7668012619018554,0.001463480036110823
4,2e-01,0.7699712657928467,0.007612983002139642
5,5e-01,0.7641459091504416,0.005481712710049384
6,1e+00,0.7562944873174032,0.005072558712284532
