{"dataset": "CHEMBL1862_Ki", "rmse": 0.7104671524271036, "cliff_rmse": 0.6569133565694965}