,alpha,rmse,rmse_err
0,0e+00,0.4830923783779144,0.008586065895997003
1,1e-02,0.47342915654182444,0.005082416953673139
2,5e-02,0.4602974534034729,0.0014221606290748397
3,1e-01,0.4499709518750508,0.0035676510611655668
4,2e-01,0.45121182401974996,0.007859807108789146
5,5e-01,0.4539789013067881,0.005442485941614245
6,1e+00,0.45635835965474447,0.0030086939397944547
