,alpha,rmse,rmse_err
0,0e+00,0.5012070872187617,0.02433276075802052
1,1e-02,0.49215362870693335,0.017990605965294875
2,5e-02,0.4685984764099137,0.011378360581572003
3,1e-01,0.4692399022579192,0.015781009023043028
4,2e-01,0.45909586358070475,0.022463235983912203
5,5e-01,0.46091468954086273,0.03250385100472558
6,1e+00,0.45668168932199543,0.01300795834478044
