,alpha,rmse,rmse_err
0,0e+00,0.7748373254140217,0.004972379524871455
1,1e-02,0.7411547096570333,0.0030318537788699812
2,5e-02,0.7366824197769165,0.0024635427593903978
3,1e-01,0.7400518274307251,0.004794359876511268
4,2e-01,0.7355423990885416,0.005289684408227893
5,5e-01,0.733585368792216,0.006835945880385834
6,1e+00,0.7355133461952209,0.005771436333681651
