{"dataset": "CHEMBL233_Ki", "rmse": 0.7723373938161242, "cliff_rmse": 0.876232347229764}