,alpha,rmse,rmse_err
0,0e+00,0.9735524312655132,0.015938899896307507
1,1e-02,0.9107308252652486,0.007379249659703437
2,5e-02,0.9020769516626993,0.0151797203438148
3,1e-01,0.8809990787506105,0.0009197298833572648
4,2e-01,0.8799288272857666,0.007389651615341563
5,5e-01,0.8785302782058716,0.01818103768653336
6,1e+00,0.8839281209309896,0.015213163189966603
