{"dataset": "CHEMBL237_EC50", "rmse": 0.6980017182021628, "cliff_rmse": 0.7828979180613475}