,alpha,rmse,rmse_err
0,0e+00,0.7466560435295104,0.004499675498662964
1,1e-02,0.7187746532758078,0.0037285497147754657
2,5e-02,0.7266610185305278,0.006524289381533923
3,1e-01,0.7176496609052023,0.0025906017699106774
4,2e-01,0.716073575814565,0.003500861844591213
5,5e-01,0.7344461989402772,0.009748608227252854
6,1e+00,0.7450028379758198,0.0069718726995721065
