{"dataset": "CHEMBL2147_Ki", "rmse": 0.5555429151849263, "cliff_rmse": 0.5484965935997634}